
ALTER TABLE STUDENT AUTO_INCREMENT = 6;
ALTER TABLE CLASS AUTO_INCREMENT = 6;


/* FILL TABLES WITH DEFAULT DATA  */

/* STUDENT TABLE */
INSERT INTO STUDENT(ID, FIRST_NAME, LAST_NAME, CREATED_BY, CREATED_DATE_TIME) VALUES (1, 'Jack', 'Manuel', 'SYSTEM', SYSDATE());
INSERT INTO STUDENT(ID, FIRST_NAME, LAST_NAME, CREATED_BY, CREATED_DATE_TIME) VALUES (2, 'Cristiano', 'Ronaldo', 'SYSTEM', SYSDATE());
INSERT INTO STUDENT(ID, FIRST_NAME, LAST_NAME, CREATED_BY, CREATED_DATE_TIME) VALUES (3, 'Lionel', 'Messi', 'SYSTEM', SYSDATE());
INSERT INTO STUDENT(ID, FIRST_NAME, LAST_NAME, CREATED_BY, CREATED_DATE_TIME) VALUES (4, 'Ali', 'Ahmed', 'SYSTEM', SYSDATE());
INSERT INTO STUDENT(ID, FIRST_NAME, LAST_NAME, CREATED_BY, CREATED_DATE_TIME) VALUES (5, 'Yahia', 'Elakeed', 'SYSTEM', SYSDATE());

/* CLASS TABLE */
INSERT INTO CLASS(ID, CODE, NAME, CREATED_BY, CREATED_DATE_TIME) VALUES(1, 'CS501', 'Algorithms', 'SYSTEM', SYSDATE());
INSERT INTO CLASS(ID, CODE, NAME, CREATED_BY, CREATED_DATE_TIME) VALUES(2, 'CS502', 'Parallel Programming', 'SYSTEM', SYSDATE());
INSERT INTO CLASS(ID, CODE, NAME, CREATED_BY, CREATED_DATE_TIME) VALUES(3, 'CS503', 'Operating Systems', 'SYSTEM', SYSDATE());
INSERT INTO CLASS(ID, CODE, NAME, CREATED_BY, CREATED_DATE_TIME) VALUES(4, 'CS504', 'Data Structures', 'SYSTEM', SYSDATE());
INSERT INTO CLASS(ID, CODE, NAME, CREATED_BY, CREATED_DATE_TIME) VALUES(5, 'CS505', 'Artificial Intelligence', 'SYSTEM', SYSDATE());

/* STUDENT_CLASSES TABLE */
INSERT INTO STUDENT_CLASSES(STUDENT_ID, CLASS_ID) VALUES(1, 1);
INSERT INTO STUDENT_CLASSES(STUDENT_ID, CLASS_ID) VALUES(1, 3);

INSERT INTO STUDENT_CLASSES(STUDENT_ID, CLASS_ID) VALUES(2, 3);
INSERT INTO STUDENT_CLASSES(STUDENT_ID, CLASS_ID) VALUES(2, 4);

INSERT INTO STUDENT_CLASSES(STUDENT_ID, CLASS_ID) VALUES(3, 2);
INSERT INTO STUDENT_CLASSES(STUDENT_ID, CLASS_ID) VALUES(3, 5);

INSERT INTO STUDENT_CLASSES(STUDENT_ID, CLASS_ID) VALUES(4, 1);
INSERT INTO STUDENT_CLASSES(STUDENT_ID, CLASS_ID) VALUES(4, 2);
INSERT INTO STUDENT_CLASSES(STUDENT_ID, CLASS_ID) VALUES(4, 3);

INSERT INTO STUDENT_CLASSES(STUDENT_ID, CLASS_ID) VALUES(5, 1);
INSERT INTO STUDENT_CLASSES(STUDENT_ID, CLASS_ID) VALUES(5, 2);
INSERT INTO STUDENT_CLASSES(STUDENT_ID, CLASS_ID) VALUES(5, 3);
INSERT INTO STUDENT_CLASSES(STUDENT_ID, CLASS_ID) VALUES(5, 4);
INSERT INTO STUDENT_CLASSES(STUDENT_ID, CLASS_ID) VALUES(5, 5);
